product_id,name,category,supplier,current_stock,reorder_level,purchase_price,selling_price,lead_time,historical_sales
P0001,Product 1,Toys,Supplier A,304,22,178.75,256.88,5,"{'Day-1': 15, 'Day-2': 41, 'Day-3': 20, 'Day-4': 14, 'Day-5': 25, 'Day-6': 9, 'Day-7': 45, 'Day-8': 3, 'Day-9': 7, 'Day-10': 41}"
P0002,Product 2,Toys,Supplier C,251,58,174.02,219.46,2,"{'Day-1': 17, 'Day-2': 2, 'Day-3': 24, 'Day-4': 30, 'Day-5': 43, 'Day-6': 2, 'Day-7': 33, 'Day-8': 39, 'Day-9': 11, 'Day-10': 46}"
P0003,Product 3,Home & Kitchen,Supplier A,126,90,155.84,220.6,5,"{'Day-1': 12, 'Day-2': 43, 'Day-3': 30, 'Day-4': 36, 'Day-5': 4, 'Day-6': 35, 'Day-7': 41, 'Day-8': 24, 'Day-9': 37, 'Day-10': 30}"
P0004,Product 4,Clothing,Supplier B,493,69,152.4,168.42,10,"{'Day-1': 45, 'Day-2': 30, 'Day-3': 49, 'Day-4': 10, 'Day-5': 18, 'Day-6': 26, 'Day-7': 42, 'Day-8': 26, 'Day-9': 30, 'Day-10': 8}"
P0005,Product 5,Books,Supplier A,246,31,400.81,510.68,5,"{'Day-1': 41, 'Day-2': 22, 'Day-3': 2, 'Day-4': 4, 'Day-5': 39, 'Day-6': 16, 'Day-7': 3, 'Day-8': 3, 'Day-9': 1, 'Day-10': 3}"
P0006,Product 6,Groceries,Supplier C,464,28,441.48,558.28,2,"{'Day-1': 14, 'Day-2': 23, 'Day-3': 11, 'Day-4': 42, 'Day-5': 48, 'Day-6': 46, 'Day-7': 0, 'Day-8': 23, 'Day-9': 18, 'Day-10': 0}"
P0007,Product 7,Clothing,Supplier D,142,83,326.79,373.67,5,"{'Day-1': 36, 'Day-2': 20, 'Day-3': 46, 'Day-4': 11, 'Day-5': 28, 'Day-6': 20, 'Day-7': 44, 'Day-8': 48, 'Day-9': 15, 'Day-10': 16}"
P0008,Product 8,Clothing,Supplier A,488,98,444.09,660.94,14,"{'Day-1': 35, 'Day-2': 47, 'Day-3': 4, 'Day-4': 48, 'Day-5': 17, 'Day-6': 22, 'Day-7': 35, 'Day-8': 37, 'Day-9': 46, 'Day-10': 31}"
P0009,Product 9,Home & Kitchen,Supplier C,427,66,355.46,452.65,2,"{'Day-1': 27, 'Day-2': 3, 'Day-3': 13, 'Day-4': 27, 'Day-5': 49, 'Day-6': 5, 'Day-7': 45, 'Day-8': 10, 'Day-9': 43, 'Day-10': 12}"
P0010,Product 10,Home & Kitchen,Supplier C,121,22,420.98,552.07,5,"{'Day-1': 18, 'Day-2': 15, 'Day-3': 37, 'Day-4': 25, 'Day-5': 0, 'Day-6': 15, 'Day-7': 7, 'Day-8': 34, 'Day-9': 11, 'Day-10': 15}"
P0011,Product 11,Books,Supplier D,334,56,486.77,724.52,14,"{'Day-1': 9, 'Day-2': 27, 'Day-3': 7, 'Day-4': 45, 'Day-5': 48, 'Day-6': 22, 'Day-7': 50, 'Day-8': 14, 'Day-9': 40, 'Day-10': 50}"
P0012,Product 12,Home & Kitchen,Supplier A,181,12,443.53,498.69,2,"{'Day-1': 12, 'Day-2': 47, 'Day-3': 6, 'Day-4': 23, 'Day-5': 19, 'Day-6': 22, 'Day-7': 30, 'Day-8': 37, 'Day-9': 10, 'Day-10': 2}"
P0013,Product 13,Electronics,Supplier A,480,73,364.31,520.15,10,"{'Day-1': 24, 'Day-2': 22, 'Day-3': 32, 'Day-4': 29, 'Day-5': 46, 'Day-6': 47, 'Day-7': 47, 'Day-8': 6, 'Day-9': 42, 'Day-10': 6}"
P0014,Product 14,Groceries,Supplier A,229,61,204.8,282.71,10,"{'Day-1': 37, 'Day-2': 34, 'Day-3': 30, 'Day-4': 40, 'Day-5': 47, 'Day-6': 39, 'Day-7': 34, 'Day-8': 37, 'Day-9': 11, 'Day-10': 19}"
P0015,Product 15,Clothing,Supplier A,491,74,376.84,542.52,10,"{'Day-1': 45, 'Day-2': 30, 'Day-3': 31, 'Day-4': 46, 'Day-5': 45, 'Day-6': 40, 'Day-7': 18, 'Day-8': 49, 'Day-9': 11, 'Day-10': 12}"
P0016,Product 16,Clothing,Supplier D,172,45,10.88,11.99,14,"{'Day-1': 16, 'Day-2': 45, 'Day-3': 25, 'Day-4': 17, 'Day-5': 9, 'Day-6': 37, 'Day-7': 23, 'Day-8': 13, 'Day-9': 19, 'Day-10': 13}"
P0017,Product 17,Groceries,Supplier C,1,49,149.35,223.85,7,"{'Day-1': 20, 'Day-2': 33, 'Day-3': 47, 'Day-4': 18, 'Day-5': 29, 'Day-6': 27, 'Day-7': 24, 'Day-8': 21, 'Day-9': 11, 'Day-10': 5}"
P0018,Product 18,Toys,Supplier C,493,37,75.44,91.09,10,"{'Day-1': 11, 'Day-2': 36, 'Day-3': 21, 'Day-4': 49, 'Day-5': 37, 'Day-6': 43, 'Day-7': 2, 'Day-8': 41, 'Day-9': 48, 'Day-10': 11}"
P0019,Product 19,Clothing,Supplier C,316,12,232.9,290.6,14,"{'Day-1': 26, 'Day-2': 45, 'Day-3': 37, 'Day-4': 21, 'Day-5': 3, 'Day-6': 30, 'Day-7': 20, 'Day-8': 32, 'Day-9': 27, 'Day-10': 5}"
P0020,Product 20,Books,Supplier A,72,67,23.5,30.92,2,"{'Day-1': 3, 'Day-2': 17, 'Day-3': 19, 'Day-4': 4, 'Day-5': 43, 'Day-6': 0, 'Day-7': 6, 'Day-8': 25, 'Day-9': 6, 'Day-10': 45}"
P0021,Product 21,Clothing,Supplier D,262,62,416.47,568.9,5,"{'Day-1': 38, 'Day-2': 43, 'Day-3': 32, 'Day-4': 36, 'Day-5': 8, 'Day-6': 23, 'Day-7': 11, 'Day-8': 48, 'Day-9': 9, 'Day-10': 38}"
P0022,Product 22,Books,Supplier B,354,23,236.66,346.68,2,"{'Day-1': 39, 'Day-2': 23, 'Day-3': 38, 'Day-4': 19, 'Day-5': 7, 'Day-6': 4, 'Day-7': 50, 'Day-8': 16, 'Day-9': 23, 'Day-10': 47}"
P0023,Product 23,Electronics,Supplier C,192,100,132.74,172.73,14,"{'Day-1': 11, 'Day-2': 30, 'Day-3': 40, 'Day-4': 1, 'Day-5': 9, 'Day-6': 34, 'Day-7': 24, 'Day-8': 40, 'Day-9': 5, 'Day-10': 22}"
P0024,Product 24,Home & Kitchen,Supplier B,331,10,158.86,188.52,10,"{'Day-1': 8, 'Day-2': 41, 'Day-3': 1, 'Day-4': 11, 'Day-5': 34, 'Day-6': 27, 'Day-7': 34, 'Day-8': 14, 'Day-9': 49, 'Day-10': 46}"
P0025,Product 25,Toys,Supplier C,250,97,221.97,251.37,5,"{'Day-1': 41, 'Day-2': 17, 'Day-3': 0, 'Day-4': 46, 'Day-5': 26, 'Day-6': 39, 'Day-7': 17, 'Day-8': 3, 'Day-9': 44, 'Day-10': 27}"
P0026,Product 26,Electronics,Supplier A,141,10,387.81,472.04,5,"{'Day-1': 8, 'Day-2': 13, 'Day-3': 42, 'Day-4': 20, 'Day-5': 28, 'Day-6': 18, 'Day-7': 11, 'Day-8': 12, 'Day-9': 32, 'Day-10': 41}"
P0027,Product 27,Electronics,Supplier A,266,99,471.04,693.96,2,"{'Day-1': 44, 'Day-2': 8, 'Day-3': 44, 'Day-4': 11, 'Day-5': 0, 'Day-6': 21, 'Day-7': 12, 'Day-8': 45, 'Day-9': 7, 'Day-10': 19}"
P0028,Product 28,Home & Kitchen,Supplier A,307,11,469.51,697.19,2,"{'Day-1': 39, 'Day-2': 21, 'Day-3': 43, 'Day-4': 44, 'Day-5': 43, 'Day-6': 24, 'Day-7': 43, 'Day-8': 46, 'Day-9': 6, 'Day-10': 31}"
P0029,Product 29,Books,Supplier C,251,57,97.66,122.23,7,"{'Day-1': 46, 'Day-2': 47, 'Day-3': 13, 'Day-4': 50, 'Day-5': 1, 'Day-6': 28, 'Day-7': 27, 'Day-8': 40, 'Day-9': 1, 'Day-10': 36}"
P0030,Product 30,Clothing,Supplier C,492,100,262.99,312.69,10,"{'Day-1': 2, 'Day-2': 48, 'Day-3': 7, 'Day-4': 5, 'Day-5': 43, 'Day-6': 41, 'Day-7': 47, 'Day-8': 32, 'Day-9': 34, 'Day-10': 35}"
P0031,Product 31,Groceries,Supplier C,455,92,296.19,403.94,14,"{'Day-1': 17, 'Day-2': 26, 'Day-3': 36, 'Day-4': 22, 'Day-5': 7, 'Day-6': 34, 'Day-7': 2, 'Day-8': 19, 'Day-9': 12, 'Day-10': 2}"
P0032,Product 32,Toys,Supplier C,295,22,386.23,444.46,7,"{'Day-1': 47, 'Day-2': 2, 'Day-3': 36, 'Day-4': 17, 'Day-5': 13, 'Day-6': 32, 'Day-7': 42, 'Day-8': 28, 'Day-9': 37, 'Day-10': 7}"
P0033,Product 33,Books,Supplier A,17,46,48.52,66.75,14,"{'Day-1': 30, 'Day-2': 36, 'Day-3': 31, 'Day-4': 45, 'Day-5': 35, 'Day-6': 21, 'Day-7': 40, 'Day-8': 12, 'Day-9': 27, 'Day-10': 24}"
P0034,Product 34,Groceries,Supplier B,405,78,459.01,681.28,14,"{'Day-1': 11, 'Day-2': 38, 'Day-3': 23, 'Day-4': 27, 'Day-5': 22, 'Day-6': 23, 'Day-7': 36, 'Day-8': 1, 'Day-9': 39, 'Day-10': 28}"
P0035,Product 35,Clothing,Supplier B,326,97,342.38,410.23,10,"{'Day-1': 7, 'Day-2': 6, 'Day-3': 18, 'Day-4': 12, 'Day-5': 9, 'Day-6': 26, 'Day-7': 1, 'Day-8': 3, 'Day-9': 49, 'Day-10': 38}"
P0036,Product 36,Clothing,Supplier D,173,92,452.55,629.6,7,"{'Day-1': 8, 'Day-2': 15, 'Day-3': 4, 'Day-4': 35, 'Day-5': 22, 'Day-6': 21, 'Day-7': 40, 'Day-8': 26, 'Day-9': 1, 'Day-10': 4}"
P0037,Product 37,Clothing,Supplier B,395,61,152.68,205.64,10,"{'Day-1': 49, 'Day-2': 4, 'Day-3': 25, 'Day-4': 34, 'Day-5': 48, 'Day-6': 30, 'Day-7': 25, 'Day-8': 31, 'Day-9': 7, 'Day-10': 44}"
P0038,Product 38,Toys,Supplier C,216,17,395.63,519.28,10,"{'Day-1': 41, 'Day-2': 35, 'Day-3': 27, 'Day-4': 12, 'Day-5': 24, 'Day-6': 21, 'Day-7': 29, 'Day-8': 18, 'Day-9': 0, 'Day-10': 3}"
P0039,Product 39,Books,Supplier C,365,22,425.37,497.99,14,"{'Day-1': 18, 'Day-2': 15, 'Day-3': 16, 'Day-4': 26, 'Day-5': 42, 'Day-6': 14, 'Day-7': 17, 'Day-8': 15, 'Day-9': 13, 'Day-10': 18}"
P0040,Product 40,Groceries,Supplier B,57,41,427.67,566.38,10,"{'Day-1': 15, 'Day-2': 13, 'Day-3': 19, 'Day-4': 35, 'Day-5': 38, 'Day-6': 22, 'Day-7': 45, 'Day-8': 16, 'Day-9': 42, 'Day-10': 25}"
P0041,Product 41,Clothing,Supplier C,167,13,268.51,329.75,7,"{'Day-1': 34, 'Day-2': 37, 'Day-3': 47, 'Day-4': 43, 'Day-5': 9, 'Day-6': 13, 'Day-7': 3, 'Day-8': 46, 'Day-9': 48, 'Day-10': 48}"
P0042,Product 42,Books,Supplier D,358,82,285.63,390.32,14,"{'Day-1': 43, 'Day-2': 2, 'Day-3': 35, 'Day-4': 17, 'Day-5': 7, 'Day-6': 1, 'Day-7': 43, 'Day-8': 30, 'Day-9': 21, 'Day-10': 24}"
P0043,Product 43,Books,Supplier A,340,17,18.42,24.68,5,"{'Day-1': 5, 'Day-2': 20, 'Day-3': 27, 'Day-4': 4, 'Day-5': 44, 'Day-6': 27, 'Day-7': 31, 'Day-8': 24, 'Day-9': 23, 'Day-10': 27}"
P0044,Product 44,Groceries,Supplier B,269,98,179.26,201.84,5,"{'Day-1': 5, 'Day-2': 32, 'Day-3': 32, 'Day-4': 38, 'Day-5': 29, 'Day-6': 26, 'Day-7': 41, 'Day-8': 5, 'Day-9': 12, 'Day-10': 34}"
P0045,Product 45,Books,Supplier A,361,95,334.85,491.6,10,"{'Day-1': 46, 'Day-2': 5, 'Day-3': 27, 'Day-4': 25, 'Day-5': 2, 'Day-6': 46, 'Day-7': 17, 'Day-8': 27, 'Day-9': 49, 'Day-10': 32}"
P0046,Product 46,Home & Kitchen,Supplier D,83,12,322.07,424.49,10,"{'Day-1': 26, 'Day-2': 15, 'Day-3': 5, 'Day-4': 6, 'Day-5': 9, 'Day-6': 46, 'Day-7': 49, 'Day-8': 34, 'Day-9': 38, 'Day-10': 13}"
P0047,Product 47,Electronics,Supplier D,449,18,183.3,218.46,14,"{'Day-1': 41, 'Day-2': 4, 'Day-3': 21, 'Day-4': 0, 'Day-5': 13, 'Day-6': 50, 'Day-7': 29, 'Day-8': 9, 'Day-9': 27, 'Day-10': 28}"
P0048,Product 48,Electronics,Supplier A,205,77,324.26,451.98,5,"{'Day-1': 2, 'Day-2': 1, 'Day-3': 7, 'Day-4': 2, 'Day-5': 16, 'Day-6': 35, 'Day-7': 14, 'Day-8': 12, 'Day-9': 27, 'Day-10': 13}"
P0049,Product 49,Toys,Supplier C,231,20,174.46,240.18,10,"{'Day-1': 32, 'Day-2': 26, 'Day-3': 23, 'Day-4': 47, 'Day-5': 46, 'Day-6': 16, 'Day-7': 44, 'Day-8': 4, 'Day-9': 11, 'Day-10': 23}"
P0050,Product 50,Groceries,Supplier B,59,58,71.57,94.33,7,"{'Day-1': 45, 'Day-2': 35, 'Day-3': 5, 'Day-4': 13, 'Day-5': 23, 'Day-6': 2, 'Day-7': 3, 'Day-8': 29, 'Day-9': 32, 'Day-10': 12}"
P0051,Product 51,Electronics,Supplier C,185,79,95.59,134.43,2,"{'Day-1': 45, 'Day-2': 14, 'Day-3': 28, 'Day-4': 10, 'Day-5': 39, 'Day-6': 32, 'Day-7': 21, 'Day-8': 12, 'Day-9': 23, 'Day-10': 19}"
P0052,Product 52,Toys,Supplier D,425,91,485.89,550.1,10,"{'Day-1': 17, 'Day-2': 21, 'Day-3': 25, 'Day-4': 16, 'Day-5': 5, 'Day-6': 8, 'Day-7': 3, 'Day-8': 49, 'Day-9': 7, 'Day-10': 12}"
P0053,Product 53,Home & Kitchen,Supplier A,428,35,90.54,110.52,2,"{'Day-1': 32, 'Day-2': 9, 'Day-3': 25, 'Day-4': 36, 'Day-5': 48, 'Day-6': 49, 'Day-7': 12, 'Day-8': 26, 'Day-9': 19, 'Day-10': 33}"
P0054,Product 54,Groceries,Supplier D,213,58,41.97,52.64,2,"{'Day-1': 18, 'Day-2': 34, 'Day-3': 38, 'Day-4': 9, 'Day-5': 16, 'Day-6': 6, 'Day-7': 44, 'Day-8': 3, 'Day-9': 8, 'Day-10': 8}"
P0055,Product 55,Home & Kitchen,Supplier B,95,83,35.56,46.46,7,"{'Day-1': 44, 'Day-2': 43, 'Day-3': 12, 'Day-4': 32, 'Day-5': 50, 'Day-6': 28, 'Day-7': 0, 'Day-8': 37, 'Day-9': 47, 'Day-10': 18}"
P0056,Product 56,Books,Supplier D,306,17,194.91,254.55,5,"{'Day-1': 3, 'Day-2': 38, 'Day-3': 28, 'Day-4': 32, 'Day-5': 21, 'Day-6': 37, 'Day-7': 25, 'Day-8': 29, 'Day-9': 23, 'Day-10': 24}"
P0057,Product 57,Clothing,Supplier C,403,86,141.61,176.38,2,"{'Day-1': 25, 'Day-2': 46, 'Day-3': 38, 'Day-4': 21, 'Day-5': 21, 'Day-6': 1, 'Day-7': 30, 'Day-8': 9, 'Day-9': 25, 'Day-10': 41}"
P0058,Product 58,Clothing,Supplier A,486,61,193.02,245.59,5,"{'Day-1': 36, 'Day-2': 11, 'Day-3': 22, 'Day-4': 9, 'Day-5': 29, 'Day-6': 10, 'Day-7': 3, 'Day-8': 49, 'Day-9': 11, 'Day-10': 34}"
P0059,Product 59,Books,Supplier C,303,70,457.81,568.66,7,"{'Day-1': 10, 'Day-2': 17, 'Day-3': 37, 'Day-4': 6, 'Day-5': 28, 'Day-6': 46, 'Day-7': 45, 'Day-8': 36, 'Day-9': 24, 'Day-10': 21}"
P0060,Product 60,Electronics,Supplier B,135,66,390.47,539.02,14,"{'Day-1': 18, 'Day-2': 43, 'Day-3': 36, 'Day-4': 47, 'Day-5': 42, 'Day-6': 19, 'Day-7': 13, 'Day-8': 5, 'Day-9': 12, 'Day-10': 10}"
P0061,Product 61,Clothing,Supplier B,449,27,450.74,629.55,14,"{'Day-1': 38, 'Day-2': 25, 'Day-3': 20, 'Day-4': 14, 'Day-5': 30, 'Day-6': 15, 'Day-7': 23, 'Day-8': 1, 'Day-9': 50, 'Day-10': 33}"
P0062,Product 62,Clothing,Supplier C,162,10,347.13,427.8,14,"{'Day-1': 8, 'Day-2': 19, 'Day-3': 50, 'Day-4': 29, 'Day-5': 37, 'Day-6': 34, 'Day-7': 32, 'Day-8': 21, 'Day-9': 14, 'Day-10': 35}"
P0063,Product 63,Toys,Supplier C,134,26,270.57,328.94,5,"{'Day-1': 25, 'Day-2': 32, 'Day-3': 7, 'Day-4': 15, 'Day-5': 26, 'Day-6': 30, 'Day-7': 10, 'Day-8': 7, 'Day-9': 8, 'Day-10': 7}"
P0064,Product 64,Home & Kitchen,Supplier D,129,81,368.25,505.66,14,"{'Day-1': 20, 'Day-2': 29, 'Day-3': 26, 'Day-4': 42, 'Day-5': 34, 'Day-6': 27, 'Day-7': 23, 'Day-8': 26, 'Day-9': 50, 'Day-10': 14}"
P0065,Product 65,Clothing,Supplier A,356,65,179.1,221.76,5,"{'Day-1': 31, 'Day-2': 16, 'Day-3': 38, 'Day-4': 42, 'Day-5': 43, 'Day-6': 18, 'Day-7': 34, 'Day-8': 49, 'Day-9': 1, 'Day-10': 13}"
P0066,Product 66,Electronics,Supplier C,92,40,477.93,581.13,2,"{'Day-1': 29, 'Day-2': 32, 'Day-3': 32, 'Day-4': 5, 'Day-5': 43, 'Day-6': 17, 'Day-7': 0, 'Day-8': 39, 'Day-9': 42, 'Day-10': 10}"
P0067,Product 67,Clothing,Supplier A,83,64,321.73,358.12,10,"{'Day-1': 32, 'Day-2': 20, 'Day-3': 44, 'Day-4': 16, 'Day-5': 21, 'Day-6': 28, 'Day-7': 36, 'Day-8': 5, 'Day-9': 31, 'Day-10': 18}"
P0068,Product 68,Home & Kitchen,Supplier B,361,54,263.44,344.54,5,"{'Day-1': 12, 'Day-2': 19, 'Day-3': 0, 'Day-4': 8, 'Day-5': 36, 'Day-6': 48, 'Day-7': 19, 'Day-8': 13, 'Day-9': 39, 'Day-10': 34}"
P0069,Product 69,Groceries,Supplier C,259,41,452.5,601.89,7,"{'Day-1': 9, 'Day-2': 32, 'Day-3': 9, 'Day-4': 23, 'Day-5': 35, 'Day-6': 43, 'Day-7': 27, 'Day-8': 14, 'Day-9': 3, 'Day-10': 6}"
P0070,Product 70,Groceries,Supplier A,214,29,303.02,369.42,7,"{'Day-1': 35, 'Day-2': 20, 'Day-3': 4, 'Day-4': 29, 'Day-5': 40, 'Day-6': 37, 'Day-7': 9, 'Day-8': 3, 'Day-9': 4, 'Day-10': 13}"
P0071,Product 71,Home & Kitchen,Supplier B,324,63,378.18,485.52,10,"{'Day-1': 44, 'Day-2': 49, 'Day-3': 39, 'Day-4': 49, 'Day-5': 33, 'Day-6': 10, 'Day-7': 23, 'Day-8': 17, 'Day-9': 31, 'Day-10': 36}"
P0072,Product 72,Electronics,Supplier D,498,60,263.88,309.14,7,"{'Day-1': 40, 'Day-2': 35, 'Day-3': 49, 'Day-4': 16, 'Day-5': 1, 'Day-6': 3, 'Day-7': 41, 'Day-8': 20, 'Day-9': 49, 'Day-10': 31}"
P0073,Product 73,Groceries,Supplier B,137,93,325.64,479.55,7,"{'Day-1': 21, 'Day-2': 21, 'Day-3': 36, 'Day-4': 37, 'Day-5': 41, 'Day-6': 20, 'Day-7': 40, 'Day-8': 45, 'Day-9': 0, 'Day-10': 2}"
P0074,Product 74,Books,Supplier A,351,31,220.3,317.56,5,"{'Day-1': 32, 'Day-2': 39, 'Day-3': 23, 'Day-4': 8, 'Day-5': 22, 'Day-6': 25, 'Day-7': 19, 'Day-8': 22, 'Day-9': 41, 'Day-10': 27}"
P0075,Product 75,Electronics,Supplier B,13,80,322.72,433.92,10,"{'Day-1': 22, 'Day-2': 49, 'Day-3': 9, 'Day-4': 47, 'Day-5': 28, 'Day-6': 47, 'Day-7': 0, 'Day-8': 12, 'Day-9': 43, 'Day-10': 12}"
P0076,Product 76,Toys,Supplier B,310,79,492.21,599.39,5,"{'Day-1': 24, 'Day-2': 31, 'Day-3': 1, 'Day-4': 35, 'Day-5': 23, 'Day-6': 33, 'Day-7': 14, 'Day-8': 3, 'Day-9': 36, 'Day-10': 33}"
P0077,Product 77,Groceries,Supplier A,317,100,335.88,464.12,2,"{'Day-1': 33, 'Day-2': 19, 'Day-3': 0, 'Day-4': 19, 'Day-5': 35, 'Day-6': 41, 'Day-7': 8, 'Day-8': 3, 'Day-9': 11, 'Day-10': 28}"
P0078,Product 78,Toys,Supplier D,363,70,229.87,337.43,2,"{'Day-1': 2, 'Day-2': 20, 'Day-3': 29, 'Day-4': 15, 'Day-5': 15, 'Day-6': 19, 'Day-7': 49, 'Day-8': 12, 'Day-9': 2, 'Day-10': 19}"
P0079,Product 79,Clothing,Supplier D,470,19,178.31,264.14,2,"{'Day-1': 35, 'Day-2': 32, 'Day-3': 25, 'Day-4': 32, 'Day-5': 12, 'Day-6': 21, 'Day-7': 28, 'Day-8': 9, 'Day-9': 43, 'Day-10': 6}"
P0080,Product 80,Electronics,Supplier C,67,23,343.36,460.35,10,"{'Day-1': 8, 'Day-2': 36, 'Day-3': 40, 'Day-4': 28, 'Day-5': 6, 'Day-6': 21, 'Day-7': 44, 'Day-8': 3, 'Day-9': 4, 'Day-10': 27}"
P0081,Product 81,Toys,Supplier C,32,43,343.25,380.77,5,"{'Day-1': 14, 'Day-2': 30, 'Day-3': 9, 'Day-4': 23, 'Day-5': 27, 'Day-6': 12, 'Day-7': 43, 'Day-8': 18, 'Day-9': 25, 'Day-10': 24}"
P0082,Product 82,Books,Supplier B,293,71,49.64,62.18,14,"{'Day-1': 7, 'Day-2': 16, 'Day-3': 15, 'Day-4': 39, 'Day-5': 41, 'Day-6': 15, 'Day-7': 26, 'Day-8': 42, 'Day-9': 31, 'Day-10': 3}"
P0083,Product 83,Groceries,Supplier C,277,31,39.18,49.21,10,"{'Day-1': 19, 'Day-2': 13, 'Day-3': 6, 'Day-4': 33, 'Day-5': 23, 'Day-6': 1, 'Day-7': 46, 'Day-8': 50, 'Day-9': 19, 'Day-10': 8}"
P0084,Product 84,Home & Kitchen,Supplier A,26,78,199.59,239.87,14,"{'Day-1': 41, 'Day-2': 26, 'Day-3': 16, 'Day-4': 25, 'Day-5': 42, 'Day-6': 24, 'Day-7': 29, 'Day-8': 44, 'Day-9': 3, 'Day-10': 16}"
P0085,Product 85,Toys,Supplier D,66,90,393.01,494.79,5,"{'Day-1': 0, 'Day-2': 6, 'Day-3': 15, 'Day-4': 11, 'Day-5': 37, 'Day-6': 48, 'Day-7': 13, 'Day-8': 38, 'Day-9': 39, 'Day-10': 12}"
P0086,Product 86,Clothing,Supplier A,36,82,317.84,365.97,14,"{'Day-1': 18, 'Day-2': 46, 'Day-3': 11, 'Day-4': 47, 'Day-5': 44, 'Day-6': 33, 'Day-7': 14, 'Day-8': 8, 'Day-9': 47, 'Day-10': 0}"
P0087,Product 87,Groceries,Supplier B,125,93,42.85,57.31,2,"{'Day-1': 37, 'Day-2': 37, 'Day-3': 12, 'Day-4': 41, 'Day-5': 44, 'Day-6': 35, 'Day-7': 50, 'Day-8': 17, 'Day-9': 11, 'Day-10': 9}"
P0088,Product 88,Books,Supplier B,68,86,377.72,494.08,10,"{'Day-1': 29, 'Day-2': 38, 'Day-3': 2, 'Day-4': 35, 'Day-5': 16, 'Day-6': 24, 'Day-7': 39, 'Day-8': 50, 'Day-9': 5, 'Day-10': 50}"
P0089,Product 89,Groceries,Supplier C,46,55,405.2,559.71,2,"{'Day-1': 47, 'Day-2': 9, 'Day-3': 4, 'Day-4': 10, 'Day-5': 17, 'Day-6': 10, 'Day-7': 36, 'Day-8': 24, 'Day-9': 0, 'Day-10': 30}"
P0090,Product 90,Toys,Supplier D,71,56,299.69,434.51,7,"{'Day-1': 30, 'Day-2': 26, 'Day-3': 32, 'Day-4': 28, 'Day-5': 47, 'Day-6': 7, 'Day-7': 46, 'Day-8': 2, 'Day-9': 42, 'Day-10': 5}"
P0091,Product 91,Groceries,Supplier B,127,79,233.8,311.89,14,"{'Day-1': 27, 'Day-2': 9, 'Day-3': 9, 'Day-4': 18, 'Day-5': 50, 'Day-6': 48, 'Day-7': 4, 'Day-8': 1, 'Day-9': 30, 'Day-10': 23}"
P0092,Product 92,Books,Supplier B,317,63,347.65,480.34,14,"{'Day-1': 2, 'Day-2': 41, 'Day-3': 50, 'Day-4': 32, 'Day-5': 24, 'Day-6': 45, 'Day-7': 40, 'Day-8': 3, 'Day-9': 27, 'Day-10': 46}"
P0093,Product 93,Electronics,Supplier A,207,79,378.67,521.85,7,"{'Day-1': 43, 'Day-2': 23, 'Day-3': 35, 'Day-4': 20, 'Day-5': 39, 'Day-6': 34, 'Day-7': 41, 'Day-8': 32, 'Day-9': 42, 'Day-10': 29}"
P0094,Product 94,Electronics,Supplier B,270,30,239.91,276.58,7,"{'Day-1': 47, 'Day-2': 50, 'Day-3': 2, 'Day-4': 49, 'Day-5': 19, 'Day-6': 19, 'Day-7': 3, 'Day-8': 26, 'Day-9': 22, 'Day-10': 12}"
P0095,Product 95,Clothing,Supplier A,164,22,177.44,249.15,7,"{'Day-1': 29, 'Day-2': 24, 'Day-3': 24, 'Day-4': 6, 'Day-5': 16, 'Day-6': 15, 'Day-7': 36, 'Day-8': 17, 'Day-9': 16, 'Day-10': 22}"
P0096,Product 96,Toys,Supplier D,62,48,432.81,537.5,10,"{'Day-1': 3, 'Day-2': 24, 'Day-3': 3, 'Day-4': 5, 'Day-5': 37, 'Day-6': 27, 'Day-7': 33, 'Day-8': 24, 'Day-9': 41, 'Day-10': 33}"
P0097,Product 97,Home & Kitchen,Supplier A,23,26,374.85,430.43,7,"{'Day-1': 40, 'Day-2': 41, 'Day-3': 23, 'Day-4': 20, 'Day-5': 30, 'Day-6': 45, 'Day-7': 35, 'Day-8': 5, 'Day-9': 20, 'Day-10': 42}"
P0098,Product 98,Groceries,Supplier A,368,42,5.66,7.77,14,"{'Day-1': 16, 'Day-2': 6, 'Day-3': 10, 'Day-4': 33, 'Day-5': 14, 'Day-6': 45, 'Day-7': 1, 'Day-8': 34, 'Day-9': 23, 'Day-10': 27}"
P0099,Product 99,Groceries,Supplier B,344,13,14.87,19.44,7,"{'Day-1': 15, 'Day-2': 18, 'Day-3': 37, 'Day-4': 42, 'Day-5': 29, 'Day-6': 17, 'Day-7': 40, 'Day-8': 7, 'Day-9': 29, 'Day-10': 44}"
P0100,Product 100,Electronics,Supplier C,318,44,212.65,246.41,7,"{'Day-1': 16, 'Day-2': 43, 'Day-3': 44, 'Day-4': 25, 'Day-5': 35, 'Day-6': 28, 'Day-7': 9, 'Day-8': 14, 'Day-9': 27, 'Day-10': 26}"
P0101,Product 101,Toys,Supplier C,208,36,399.6,540.56,5,"{'Day-1': 47, 'Day-2': 26, 'Day-3': 19, 'Day-4': 47, 'Day-5': 17, 'Day-6': 39, 'Day-7': 35, 'Day-8': 15, 'Day-9': 31, 'Day-10': 27}"
P0102,Product 102,Home & Kitchen,Supplier B,271,77,233.98,290.67,5,"{'Day-1': 39, 'Day-2': 5, 'Day-3': 49, 'Day-4': 25, 'Day-5': 42, 'Day-6': 10, 'Day-7': 9, 'Day-8': 34, 'Day-9': 37, 'Day-10': 39}"
P0103,Product 103,Books,Supplier A,400,61,349.98,433.73,10,"{'Day-1': 38, 'Day-2': 46, 'Day-3': 35, 'Day-4': 23, 'Day-5': 2, 'Day-6': 10, 'Day-7': 38, 'Day-8': 19, 'Day-9': 32, 'Day-10': 49}"
P0104,Product 104,Groceries,Supplier A,117,53,155.57,200.61,14,"{'Day-1': 18, 'Day-2': 5, 'Day-3': 47, 'Day-4': 27, 'Day-5': 38, 'Day-6': 13, 'Day-7': 40, 'Day-8': 50, 'Day-9': 41, 'Day-10': 49}"
P0105,Product 105,Electronics,Supplier C,173,11,202.5,287.47,14,"{'Day-1': 3, 'Day-2': 46, 'Day-3': 27, 'Day-4': 21, 'Day-5': 4, 'Day-6': 27, 'Day-7': 17, 'Day-8': 15, 'Day-9': 12, 'Day-10': 50}"
P0106,Product 106,Groceries,Supplier D,460,29,472.81,661.76,14,"{'Day-1': 45, 'Day-2': 4, 'Day-3': 5, 'Day-4': 44, 'Day-5': 7, 'Day-6': 7, 'Day-7': 19, 'Day-8': 11, 'Day-9': 10, 'Day-10': 9}"
P0107,Product 107,Groceries,Supplier B,219,49,73.46,102.8,10,"{'Day-1': 31, 'Day-2': 43, 'Day-3': 40, 'Day-4': 44, 'Day-5': 43, 'Day-6': 39, 'Day-7': 32, 'Day-8': 19, 'Day-9': 31, 'Day-10': 25}"
P0108,Product 108,Books,Supplier C,484,41,430.76,575.74,14,"{'Day-1': 24, 'Day-2': 46, 'Day-3': 27, 'Day-4': 7, 'Day-5': 24, 'Day-6': 3, 'Day-7': 23, 'Day-8': 27, 'Day-9': 14, 'Day-10': 25}"
P0109,Product 109,Clothing,Supplier A,493,29,6.22,8.17,14,"{'Day-1': 47, 'Day-2': 38, 'Day-3': 9, 'Day-4': 22, 'Day-5': 34, 'Day-6': 17, 'Day-7': 50, 'Day-8': 0, 'Day-9': 43, 'Day-10': 43}"
P0110,Product 110,Groceries,Supplier C,135,26,395.15,437.01,14,"{'Day-1': 2, 'Day-2': 37, 'Day-3': 29, 'Day-4': 5, 'Day-5': 12, 'Day-6': 10, 'Day-7': 12, 'Day-8': 34, 'Day-9': 11, 'Day-10': 1}"
P0111,Product 111,Clothing,Supplier B,38,21,229.52,313.25,2,"{'Day-1': 30, 'Day-2': 12, 'Day-3': 42, 'Day-4': 17, 'Day-5': 19, 'Day-6': 13, 'Day-7': 20, 'Day-8': 15, 'Day-9': 49, 'Day-10': 26}"
P0112,Product 112,Toys,Supplier B,241,31,214.72,264.1,2,"{'Day-1': 3, 'Day-2': 9, 'Day-3': 5, 'Day-4': 13, 'Day-5': 45, 'Day-6': 44, 'Day-7': 49, 'Day-8': 28, 'Day-9': 7, 'Day-10': 31}"
P0113,Product 113,Groceries,Supplier A,171,80,364.73,543.68,7,"{'Day-1': 43, 'Day-2': 5, 'Day-3': 3, 'Day-4': 12, 'Day-5': 15, 'Day-6': 46, 'Day-7': 9, 'Day-8': 11, 'Day-9': 48, 'Day-10': 12}"
P0114,Product 114,Electronics,Supplier B,352,20,266.31,345.39,5,"{'Day-1': 12, 'Day-2': 27, 'Day-3': 32, 'Day-4': 15, 'Day-5': 1, 'Day-6': 9, 'Day-7': 15, 'Day-8': 19, 'Day-9': 34, 'Day-10': 38}"
P0115,Product 115,Toys,Supplier D,310,11,201.64,223.04,14,"{'Day-1': 34, 'Day-2': 43, 'Day-3': 13, 'Day-4': 49, 'Day-5': 34, 'Day-6': 49, 'Day-7': 18, 'Day-8': 41, 'Day-9': 33, 'Day-10': 50}"
P0116,Product 116,Books,Supplier C,177,61,107.33,127.99,7,"{'Day-1': 6, 'Day-2': 49, 'Day-3': 32, 'Day-4': 4, 'Day-5': 13, 'Day-6': 16, 'Day-7': 35, 'Day-8': 27, 'Day-9': 21, 'Day-10': 33}"
P0117,Product 117,Electronics,Supplier B,180,40,306.85,342.74,5,"{'Day-1': 6, 'Day-2': 31, 'Day-3': 18, 'Day-4': 17, 'Day-5': 30, 'Day-6': 47, 'Day-7': 0, 'Day-8': 50, 'Day-9': 29, 'Day-10': 3}"
P0118,Product 118,Books,Supplier B,13,48,492.57,732.85,5,"{'Day-1': 34, 'Day-2': 21, 'Day-3': 50, 'Day-4': 21, 'Day-5': 36, 'Day-6': 11, 'Day-7': 47, 'Day-8': 25, 'Day-9': 5, 'Day-10': 50}"
P0119,Product 119,Electronics,Supplier C,63,67,316.62,369.25,10,"{'Day-1': 0, 'Day-2': 19, 'Day-3': 4, 'Day-4': 42, 'Day-5': 0, 'Day-6': 21, 'Day-7': 12, 'Day-8': 4, 'Day-9': 10, 'Day-10': 26}"
P0120,Product 120,Toys,Supplier A,380,55,339.46,432.13,5,"{'Day-1': 22, 'Day-2': 29, 'Day-3': 4, 'Day-4': 30, 'Day-5': 47, 'Day-6': 5, 'Day-7': 50, 'Day-8': 46, 'Day-9': 24, 'Day-10': 10}"
P0121,Product 121,Electronics,Supplier A,272,84,255.76,318.27,2,"{'Day-1': 12, 'Day-2': 12, 'Day-3': 44, 'Day-4': 18, 'Day-5': 39, 'Day-6': 34, 'Day-7': 46, 'Day-8': 31, 'Day-9': 27, 'Day-10': 49}"
P0122,Product 122,Electronics,Supplier D,209,91,246.82,307.73,2,"{'Day-1': 7, 'Day-2': 28, 'Day-3': 49, 'Day-4': 34, 'Day-5': 4, 'Day-6': 13, 'Day-7': 39, 'Day-8': 16, 'Day-9': 22, 'Day-10': 3}"
P0123,Product 123,Books,Supplier C,177,28,471.73,590.11,7,"{'Day-1': 10, 'Day-2': 3, 'Day-3': 25, 'Day-4': 9, 'Day-5': 42, 'Day-6': 17, 'Day-7': 44, 'Day-8': 26, 'Day-9': 48, 'Day-10': 15}"
P0124,Product 124,Clothing,Supplier A,233,27,11.07,15.24,5,"{'Day-1': 47, 'Day-2': 36, 'Day-3': 18, 'Day-4': 33, 'Day-5': 18, 'Day-6': 9, 'Day-7': 4, 'Day-8': 0, 'Day-9': 0, 'Day-10': 13}"
P0125,Product 125,Books,Supplier A,315,51,360.47,481.07,2,"{'Day-1': 44, 'Day-2': 48, 'Day-3': 35, 'Day-4': 44, 'Day-5': 48, 'Day-6': 35, 'Day-7': 10, 'Day-8': 17, 'Day-9': 2, 'Day-10': 47}"
P0126,Product 126,Electronics,Supplier B,236,27,394.72,570.58,10,"{'Day-1': 34, 'Day-2': 32, 'Day-3': 38, 'Day-4': 49, 'Day-5': 16, 'Day-6': 36, 'Day-7': 2, 'Day-8': 20, 'Day-9': 14, 'Day-10': 27}"
P0127,Product 127,Electronics,Supplier C,103,97,35.9,45.23,10,"{'Day-1': 27, 'Day-2': 39, 'Day-3': 10, 'Day-4': 6, 'Day-5': 29, 'Day-6': 29, 'Day-7': 34, 'Day-8': 14, 'Day-9': 30, 'Day-10': 15}"
P0128,Product 128,Clothing,Supplier A,113,28,391.05,492.84,10,"{'Day-1': 45, 'Day-2': 20, 'Day-3': 27, 'Day-4': 33, 'Day-5': 13, 'Day-6': 12, 'Day-7': 21, 'Day-8': 9, 'Day-9': 31, 'Day-10': 26}"
P0129,Product 129,Electronics,Supplier A,399,38,243.34,329.2,14,"{'Day-1': 48, 'Day-2': 43, 'Day-3': 23, 'Day-4': 49, 'Day-5': 49, 'Day-6': 21, 'Day-7': 45, 'Day-8': 46, 'Day-9': 17, 'Day-10': 10}"
P0130,Product 130,Clothing,Supplier A,396,59,204.88,270.93,5,"{'Day-1': 24, 'Day-2': 44, 'Day-3': 7, 'Day-4': 42, 'Day-5': 33, 'Day-6': 13, 'Day-7': 32, 'Day-8': 7, 'Day-9': 17, 'Day-10': 3}"
P0131,Product 131,Home & Kitchen,Supplier A,107,27,242.24,340.83,10,"{'Day-1': 8, 'Day-2': 9, 'Day-3': 8, 'Day-4': 12, 'Day-5': 6, 'Day-6': 49, 'Day-7': 34, 'Day-8': 30, 'Day-9': 8, 'Day-10': 33}"
P0132,Product 132,Home & Kitchen,Supplier A,313,26,299.62,394.63,2,"{'Day-1': 15, 'Day-2': 41, 'Day-3': 29, 'Day-4': 19, 'Day-5': 25, 'Day-6': 18, 'Day-7': 25, 'Day-8': 38, 'Day-9': 40, 'Day-10': 42}"
P0133,Product 133,Groceries,Supplier B,421,68,381.54,491.83,10,"{'Day-1': 5, 'Day-2': 16, 'Day-3': 23, 'Day-4': 22, 'Day-5': 8, 'Day-6': 6, 'Day-7': 12, 'Day-8': 45, 'Day-9': 20, 'Day-10': 2}"
P0134,Product 134,Books,Supplier B,161,13,483.96,573.2,7,"{'Day-1': 18, 'Day-2': 19, 'Day-3': 22, 'Day-4': 26, 'Day-5': 10, 'Day-6': 29, 'Day-7': 42, 'Day-8': 35, 'Day-9': 26, 'Day-10': 23}"
P0135,Product 135,Books,Supplier D,435,28,410.81,575.2,10,"{'Day-1': 37, 'Day-2': 28, 'Day-3': 31, 'Day-4': 26, 'Day-5': 49, 'Day-6': 15, 'Day-7': 33, 'Day-8': 32, 'Day-9': 21, 'Day-10': 44}"
P0136,Product 136,Home & Kitchen,Supplier A,304,98,100.33,138.21,10,"{'Day-1': 42, 'Day-2': 7, 'Day-3': 19, 'Day-4': 50, 'Day-5': 27, 'Day-6': 32, 'Day-7': 33, 'Day-8': 29, 'Day-9': 35, 'Day-10': 39}"
P0137,Product 137,Groceries,Supplier A,429,72,227.31,315.26,10,"{'Day-1': 50, 'Day-2': 22, 'Day-3': 0, 'Day-4': 12, 'Day-5': 7, 'Day-6': 36, 'Day-7': 41, 'Day-8': 49, 'Day-9': 50, 'Day-10': 26}"
P0138,Product 138,Groceries,Supplier B,134,43,34.76,40.32,10,"{'Day-1': 44, 'Day-2': 50, 'Day-3': 35, 'Day-4': 46, 'Day-5': 16, 'Day-6': 38, 'Day-7': 31, 'Day-8': 0, 'Day-9': 28, 'Day-10': 0}"
P0139,Product 139,Home & Kitchen,Supplier A,392,57,443.73,642.8,10,"{'Day-1': 13, 'Day-2': 2, 'Day-3': 24, 'Day-4': 3, 'Day-5': 26, 'Day-6': 32, 'Day-7': 17, 'Day-8': 44, 'Day-9': 24, 'Day-10': 49}"
P0140,Product 140,Toys,Supplier B,2,58,342.55,510.91,7,"{'Day-1': 16, 'Day-2': 40, 'Day-3': 14, 'Day-4': 8, 'Day-5': 9, 'Day-6': 21, 'Day-7': 2, 'Day-8': 30, 'Day-9': 24, 'Day-10': 48}"
P0141,Product 141,Groceries,Supplier A,201,81,439.68,532.29,7,"{'Day-1': 2, 'Day-2': 32, 'Day-3': 37, 'Day-4': 5, 'Day-5': 13, 'Day-6': 31, 'Day-7': 50, 'Day-8': 21, 'Day-9': 44, 'Day-10': 6}"
P0142,Product 142,Electronics,Supplier C,388,17,35.16,43.4,14,"{'Day-1': 22, 'Day-2': 20, 'Day-3': 34, 'Day-4': 38, 'Day-5': 10, 'Day-6': 4, 'Day-7': 34, 'Day-8': 38, 'Day-9': 47, 'Day-10': 36}"
P0143,Product 143,Clothing,Supplier A,480,20,426.71,610.18,7,"{'Day-1': 19, 'Day-2': 45, 'Day-3': 23, 'Day-4': 38, 'Day-5': 12, 'Day-6': 40, 'Day-7': 39, 'Day-8': 14, 'Day-9': 1, 'Day-10': 30}"
P0144,Product 144,Toys,Supplier C,472,67,114.99,160.41,14,"{'Day-1': 38, 'Day-2': 3, 'Day-3': 44, 'Day-4': 33, 'Day-5': 30, 'Day-6': 10, 'Day-7': 28, 'Day-8': 43, 'Day-9': 13, 'Day-10': 1}"
P0145,Product 145,Groceries,Supplier B,277,13,307.93,443.41,10,"{'Day-1': 10, 'Day-2': 25, 'Day-3': 31, 'Day-4': 28, 'Day-5': 49, 'Day-6': 38, 'Day-7': 41, 'Day-8': 41, 'Day-9': 34, 'Day-10': 24}"
P0146,Product 146,Toys,Supplier D,236,48,217.82,302.13,5,"{'Day-1': 17, 'Day-2': 33, 'Day-3': 11, 'Day-4': 40, 'Day-5': 16, 'Day-6': 42, 'Day-7': 40, 'Day-8': 23, 'Day-9': 38, 'Day-10': 3}"
P0147,Product 147,Clothing,Supplier A,390,99,371.73,465.89,7,"{'Day-1': 20, 'Day-2': 40, 'Day-3': 27, 'Day-4': 32, 'Day-5': 26, 'Day-6': 34, 'Day-7': 44, 'Day-8': 38, 'Day-9': 16, 'Day-10': 38}"
P0148,Product 148,Electronics,Supplier A,266,63,45.58,60.9,7,"{'Day-1': 20, 'Day-2': 49, 'Day-3': 6, 'Day-4': 33, 'Day-5': 45, 'Day-6': 44, 'Day-7': 35, 'Day-8': 15, 'Day-9': 2, 'Day-10': 42}"
P0149,Product 149,Home & Kitchen,Supplier B,431,13,205.75,246.03,5,"{'Day-1': 14, 'Day-2': 41, 'Day-3': 4, 'Day-4': 32, 'Day-5': 0, 'Day-6': 41, 'Day-7': 22, 'Day-8': 28, 'Day-9': 7, 'Day-10': 25}"
P0150,Product 150,Toys,Supplier B,358,100,202.5,271.12,5,"{'Day-1': 38, 'Day-2': 21, 'Day-3': 17, 'Day-4': 0, 'Day-5': 44, 'Day-6': 29, 'Day-7': 12, 'Day-8': 11, 'Day-9': 32, 'Day-10': 38}"
P0151,Product 151,Electronics,Supplier D,231,82,267.78,378.31,2,"{'Day-1': 39, 'Day-2': 31, 'Day-3': 40, 'Day-4': 40, 'Day-5': 8, 'Day-6': 1, 'Day-7': 5, 'Day-8': 47, 'Day-9': 47, 'Day-10': 22}"
P0152,Product 152,Clothing,Supplier B,25,46,292.34,376.58,10,"{'Day-1': 12, 'Day-2': 25, 'Day-3': 47, 'Day-4': 31, 'Day-5': 6, 'Day-6': 12, 'Day-7': 8, 'Day-8': 22, 'Day-9': 18, 'Day-10': 6}"
P0153,Product 153,Home & Kitchen,Supplier D,13,30,170.34,221.19,7,"{'Day-1': 1, 'Day-2': 31, 'Day-3': 26, 'Day-4': 28, 'Day-5': 36, 'Day-6': 17, 'Day-7': 6, 'Day-8': 46, 'Day-9': 1, 'Day-10': 9}"
P0154,Product 154,Home & Kitchen,Supplier C,220,57,213.38,265.39,7,"{'Day-1': 35, 'Day-2': 10, 'Day-3': 50, 'Day-4': 9, 'Day-5': 21, 'Day-6': 5, 'Day-7': 20, 'Day-8': 13, 'Day-9': 25, 'Day-10': 42}"
P0155,Product 155,Home & Kitchen,Supplier A,243,48,46.0,55.63,5,"{'Day-1': 46, 'Day-2': 18, 'Day-3': 33, 'Day-4': 6, 'Day-5': 48, 'Day-6': 24, 'Day-7': 48, 'Day-8': 39, 'Day-9': 35, 'Day-10': 38}"
P0156,Product 156,Groceries,Supplier D,124,95,419.73,542.35,2,"{'Day-1': 35, 'Day-2': 16, 'Day-3': 15, 'Day-4': 8, 'Day-5': 2, 'Day-6': 43, 'Day-7': 27, 'Day-8': 37, 'Day-9': 37, 'Day-10': 15}"
P0157,Product 157,Toys,Supplier D,467,16,343.76,415.38,14,"{'Day-1': 40, 'Day-2': 8, 'Day-3': 9, 'Day-4': 46, 'Day-5': 29, 'Day-6': 17, 'Day-7': 28, 'Day-8': 34, 'Day-9': 47, 'Day-10': 12}"
P0158,Product 158,Clothing,Supplier B,119,65,493.32,717.77,14,"{'Day-1': 19, 'Day-2': 4, 'Day-3': 12, 'Day-4': 47, 'Day-5': 35, 'Day-6': 35, 'Day-7': 27, 'Day-8': 21, 'Day-9': 34, 'Day-10': 43}"
P0159,Product 159,Electronics,Supplier C,343,31,403.2,577.95,7,"{'Day-1': 44, 'Day-2': 24, 'Day-3': 39, 'Day-4': 29, 'Day-5': 40, 'Day-6': 9, 'Day-7': 48, 'Day-8': 7, 'Day-9': 10, 'Day-10': 12}"
P0160,Product 160,Books,Supplier A,239,47,247.35,295.78,14,"{'Day-1': 42, 'Day-2': 39, 'Day-3': 10, 'Day-4': 11, 'Day-5': 8, 'Day-6': 39, 'Day-7': 0, 'Day-8': 38, 'Day-9': 1, 'Day-10': 48}"
P0161,Product 161,Home & Kitchen,Supplier A,71,44,318.58,390.91,10,"{'Day-1': 48, 'Day-2': 48, 'Day-3': 2, 'Day-4': 29, 'Day-5': 30, 'Day-6': 38, 'Day-7': 17, 'Day-8': 35, 'Day-9': 9, 'Day-10': 1}"
P0162,Product 162,Electronics,Supplier B,283,27,120.26,175.59,2,"{'Day-1': 46, 'Day-2': 16, 'Day-3': 9, 'Day-4': 10, 'Day-5': 19, 'Day-6': 29, 'Day-7': 33, 'Day-8': 49, 'Day-9': 15, 'Day-10': 50}"
P0163,Product 163,Home & Kitchen,Supplier B,96,96,397.24,560.97,5,"{'Day-1': 45, 'Day-2': 14, 'Day-3': 47, 'Day-4': 23, 'Day-5': 31, 'Day-6': 17, 'Day-7': 21, 'Day-8': 30, 'Day-9': 1, 'Day-10': 19}"
P0164,Product 164,Toys,Supplier B,32,13,397.09,461.5,5,"{'Day-1': 50, 'Day-2': 46, 'Day-3': 48, 'Day-4': 45, 'Day-5': 9, 'Day-6': 4, 'Day-7': 44, 'Day-8': 39, 'Day-9': 15, 'Day-10': 19}"
P0165,Product 165,Home & Kitchen,Supplier C,46,53,7.91,9.0,7,"{'Day-1': 46, 'Day-2': 4, 'Day-3': 20, 'Day-4': 45, 'Day-5': 38, 'Day-6': 37, 'Day-7': 10, 'Day-8': 33, 'Day-9': 6, 'Day-10': 49}"
P0166,Product 166,Home & Kitchen,Supplier B,190,89,189.06,277.25,7,"{'Day-1': 24, 'Day-2': 32, 'Day-3': 22, 'Day-4': 35, 'Day-5': 20, 'Day-6': 15, 'Day-7': 41, 'Day-8': 8, 'Day-9': 44, 'Day-10': 36}"
P0167,Product 167,Electronics,Supplier B,434,10,469.57,691.76,14,"{'Day-1': 3, 'Day-2': 14, 'Day-3': 1, 'Day-4': 12, 'Day-5': 31, 'Day-6': 48, 'Day-7': 23, 'Day-8': 4, 'Day-9': 19, 'Day-10': 47}"
P0168,Product 168,Toys,Supplier D,348,91,145.26,176.71,2,"{'Day-1': 40, 'Day-2': 44, 'Day-3': 50, 'Day-4': 50, 'Day-5': 43, 'Day-6': 33, 'Day-7': 32, 'Day-8': 16, 'Day-9': 16, 'Day-10': 7}"
P0169,Product 169,Toys,Supplier D,142,15,231.67,319.38,10,"{'Day-1': 45, 'Day-2': 35, 'Day-3': 1, 'Day-4': 49, 'Day-5': 33, 'Day-6': 33, 'Day-7': 0, 'Day-8': 36, 'Day-9': 46, 'Day-10': 12}"
P0170,Product 170,Home & Kitchen,Supplier C,186,71,38.57,50.36,7,"{'Day-1': 24, 'Day-2': 30, 'Day-3': 1, 'Day-4': 24, 'Day-5': 6, 'Day-6': 23, 'Day-7': 8, 'Day-8': 15, 'Day-9': 41, 'Day-10': 35}"
P0171,Product 171,Clothing,Supplier A,161,82,77.12,86.38,10,"{'Day-1': 10, 'Day-2': 27, 'Day-3': 38, 'Day-4': 12, 'Day-5': 46, 'Day-6': 24, 'Day-7': 41, 'Day-8': 6, 'Day-9': 50, 'Day-10': 41}"
P0172,Product 172,Groceries,Supplier D,366,21,218.76,324.3,5,"{'Day-1': 30, 'Day-2': 33, 'Day-3': 28, 'Day-4': 22, 'Day-5': 15, 'Day-6': 14, 'Day-7': 33, 'Day-8': 7, 'Day-9': 36, 'Day-10': 29}"
P0173,Product 173,Clothing,Supplier B,165,22,417.11,545.19,2,"{'Day-1': 44, 'Day-2': 36, 'Day-3': 3, 'Day-4': 6, 'Day-5': 50, 'Day-6': 29, 'Day-7': 40, 'Day-8': 35, 'Day-9': 9, 'Day-10': 47}"
P0174,Product 174,Home & Kitchen,Supplier D,393,49,158.24,183.78,2,"{'Day-1': 9, 'Day-2': 50, 'Day-3': 1, 'Day-4': 31, 'Day-5': 29, 'Day-6': 30, 'Day-7': 3, 'Day-8': 5, 'Day-9': 4, 'Day-10': 32}"
P0175,Product 175,Groceries,Supplier B,21,33,252.91,324.46,5,"{'Day-1': 12, 'Day-2': 46, 'Day-3': 20, 'Day-4': 35, 'Day-5': 26, 'Day-6': 18, 'Day-7': 36, 'Day-8': 20, 'Day-9': 37, 'Day-10': 14}"
P0176,Product 176,Clothing,Supplier D,211,48,424.49,615.4,10,"{'Day-1': 2, 'Day-2': 11, 'Day-3': 13, 'Day-4': 36, 'Day-5': 39, 'Day-6': 25, 'Day-7': 28, 'Day-8': 20, 'Day-9': 22, 'Day-10': 13}"
P0177,Product 177,Books,Supplier C,397,42,70.6,90.57,2,"{'Day-1': 14, 'Day-2': 31, 'Day-3': 4, 'Day-4': 50, 'Day-5': 7, 'Day-6': 38, 'Day-7': 35, 'Day-8': 19, 'Day-9': 15, 'Day-10': 50}"
P0178,Product 178,Toys,Supplier B,474,64,389.3,444.38,10,"{'Day-1': 32, 'Day-2': 41, 'Day-3': 43, 'Day-4': 23, 'Day-5': 8, 'Day-6': 33, 'Day-7': 21, 'Day-8': 29, 'Day-9': 30, 'Day-10': 3}"
P0179,Product 179,Home & Kitchen,Supplier A,376,77,20.36,25.64,14,"{'Day-1': 49, 'Day-2': 0, 'Day-3': 43, 'Day-4': 15, 'Day-5': 44, 'Day-6': 14, 'Day-7': 21, 'Day-8': 26, 'Day-9': 31, 'Day-10': 14}"
P0180,Product 180,Groceries,Supplier C,226,73,55.63,61.54,14,"{'Day-1': 24, 'Day-2': 8, 'Day-3': 13, 'Day-4': 6, 'Day-5': 8, 'Day-6': 35, 'Day-7': 11, 'Day-8': 6, 'Day-9': 44, 'Day-10': 28}"
P0181,Product 181,Clothing,Supplier A,21,36,479.02,534.15,10,"{'Day-1': 37, 'Day-2': 18, 'Day-3': 25, 'Day-4': 5, 'Day-5': 3, 'Day-6': 37, 'Day-7': 17, 'Day-8': 43, 'Day-9': 18, 'Day-10': 34}"
P0182,Product 182,Toys,Supplier A,26,93,373.04,433.16,2,"{'Day-1': 17, 'Day-2': 30, 'Day-3': 50, 'Day-4': 8, 'Day-5': 44, 'Day-6': 47, 'Day-7': 2, 'Day-8': 4, 'Day-9': 1, 'Day-10': 7}"
P0183,Product 183,Toys,Supplier D,348,35,404.82,527.39,14,"{'Day-1': 19, 'Day-2': 36, 'Day-3': 31, 'Day-4': 0, 'Day-5': 44, 'Day-6': 33, 'Day-7': 24, 'Day-8': 50, 'Day-9': 20, 'Day-10': 13}"
P0184,Product 184,Books,Supplier B,38,62,323.94,393.93,5,"{'Day-1': 0, 'Day-2': 39, 'Day-3': 45, 'Day-4': 29, 'Day-5': 36, 'Day-6': 46, 'Day-7': 50, 'Day-8': 11, 'Day-9': 40, 'Day-10': 19}"
P0185,Product 185,Electronics,Supplier B,215,82,137.22,196.44,10,"{'Day-1': 23, 'Day-2': 15, 'Day-3': 50, 'Day-4': 2, 'Day-5': 45, 'Day-6': 31, 'Day-7': 32, 'Day-8': 38, 'Day-9': 36, 'Day-10': 46}"
P0186,Product 186,Groceries,Supplier A,155,38,7.49,10.99,2,"{'Day-1': 33, 'Day-2': 17, 'Day-3': 27, 'Day-4': 31, 'Day-5': 36, 'Day-6': 13, 'Day-7': 38, 'Day-8': 47, 'Day-9': 30, 'Day-10': 23}"
P0187,Product 187,Home & Kitchen,Supplier A,488,97,23.88,35.71,5,"{'Day-1': 3, 'Day-2': 24, 'Day-3': 48, 'Day-4': 11, 'Day-5': 16, 'Day-6': 41, 'Day-7': 3, 'Day-8': 30, 'Day-9': 0, 'Day-10': 22}"
P0188,Product 188,Electronics,Supplier C,481,32,257.76,345.82,2,"{'Day-1': 17, 'Day-2': 36, 'Day-3': 33, 'Day-4': 16, 'Day-5': 16, 'Day-6': 42, 'Day-7': 26, 'Day-8': 16, 'Day-9': 7, 'Day-10': 6}"
P0189,Product 189,Groceries,Supplier D,348,70,417.05,559.77,14,"{'Day-1': 18, 'Day-2': 27, 'Day-3': 46, 'Day-4': 0, 'Day-5': 40, 'Day-6': 41, 'Day-7': 6, 'Day-8': 19, 'Day-9': 38, 'Day-10': 10}"
P0190,Product 190,Electronics,Supplier C,401,36,266.1,389.45,2,"{'Day-1': 42, 'Day-2': 8, 'Day-3': 25, 'Day-4': 34, 'Day-5': 5, 'Day-6': 37, 'Day-7': 20, 'Day-8': 10, 'Day-9': 12, 'Day-10': 3}"
P0191,Product 191,Clothing,Supplier A,437,58,98.79,119.22,2,"{'Day-1': 44, 'Day-2': 32, 'Day-3': 10, 'Day-4': 43, 'Day-5': 47, 'Day-6': 15, 'Day-7': 48, 'Day-8': 31, 'Day-9': 15, 'Day-10': 18}"
P0192,Product 192,Home & Kitchen,Supplier A,382,37,398.3,581.62,2,"{'Day-1': 6, 'Day-2': 30, 'Day-3': 36, 'Day-4': 29, 'Day-5': 3, 'Day-6': 1, 'Day-7': 37, 'Day-8': 23, 'Day-9': 1, 'Day-10': 36}"
P0193,Product 193,Clothing,Supplier B,135,89,412.83,546.19,14,"{'Day-1': 20, 'Day-2': 6, 'Day-3': 28, 'Day-4': 8, 'Day-5': 40, 'Day-6': 11, 'Day-7': 48, 'Day-8': 31, 'Day-9': 28, 'Day-10': 2}"
P0194,Product 194,Books,Supplier C,456,60,498.61,591.07,2,"{'Day-1': 36, 'Day-2': 10, 'Day-3': 40, 'Day-4': 15, 'Day-5': 3, 'Day-6': 42, 'Day-7': 38, 'Day-8': 40, 'Day-9': 13, 'Day-10': 33}"
P0195,Product 195,Books,Supplier A,222,56,347.77,430.32,14,"{'Day-1': 35, 'Day-2': 24, 'Day-3': 44, 'Day-4': 13, 'Day-5': 39, 'Day-6': 20, 'Day-7': 18, 'Day-8': 18, 'Day-9': 20, 'Day-10': 15}"
P0196,Product 196,Books,Supplier B,381,69,244.52,315.3,10,"{'Day-1': 47, 'Day-2': 9, 'Day-3': 3, 'Day-4': 40, 'Day-5': 19, 'Day-6': 32, 'Day-7': 20, 'Day-8': 7, 'Day-9': 25, 'Day-10': 1}"
P0197,Product 197,Home & Kitchen,Supplier B,256,95,58.13,81.36,10,"{'Day-1': 4, 'Day-2': 5, 'Day-3': 39, 'Day-4': 31, 'Day-5': 41, 'Day-6': 15, 'Day-7': 9, 'Day-8': 14, 'Day-9': 5, 'Day-10': 29}"
P0198,Product 198,Home & Kitchen,Supplier C,308,91,85.0,105.34,10,"{'Day-1': 47, 'Day-2': 13, 'Day-3': 10, 'Day-4': 42, 'Day-5': 45, 'Day-6': 8, 'Day-7': 16, 'Day-8': 9, 'Day-9': 49, 'Day-10': 41}"
P0199,Product 199,Electronics,Supplier D,363,63,417.96,604.2,5,"{'Day-1': 34, 'Day-2': 9, 'Day-3': 47, 'Day-4': 22, 'Day-5': 27, 'Day-6': 20, 'Day-7': 32, 'Day-8': 26, 'Day-9': 38, 'Day-10': 25}"
P0200,Product 200,Home & Kitchen,Supplier C,283,45,68.25,83.65,14,"{'Day-1': 47, 'Day-2': 41, 'Day-3': 45, 'Day-4': 29, 'Day-5': 38, 'Day-6': 4, 'Day-7': 20, 'Day-8': 10, 'Day-9': 50, 'Day-10': 1}"
